timestamp,site_id,site_name,rainfall,soil_moisture,ground_movement,water_level,landslide_risk,flood_risk,ground_collapse_risk
2026-09-04 10:40:11,SHL-01,Shillong Site 01,44.06,29.3,18.74,71.89,HIGH,MEDIUM,MEDIUM
2026-09-04 10:42:05,SHL-01,Shillong Site 01,261.62,56.83,6.04,46.01,HIGH,HIGH,MEDIUM
2026-09-04 10:45:25,SHL-01,Shillong Site 01,232.42,55.18,11.31,66.29,HIGH,HIGH,MEDIUM
2026-09-04 10:45:34,SHL-01,Shillong Site 01,232.42,55.18,11.31,66.29,HIGH,HIGH,MEDIUM
2026-09-05 08:41:04,SHL-01,Shillong Site 01,27.89,62.71,6.03,42.38,MEDIUM,LOW,MEDIUM
2026-09-05 08:41:35,SHL-01,Shillong Site 01,37.43,60.69,5.57,43.34,MEDIUM,MEDIUM,MEDIUM
2026-09-05 08:41:42,SHL-01,Shillong Site 01,43.85,62.79,5.7,45.33,MEDIUM,MEDIUM,MEDIUM
2026-09-05 08:41:54,SHL-01,Shillong Site 01,58.3,59.98,6.4,44.38,MEDIUM,MEDIUM,MEDIUM
2026-09-05 08:42:09,SHL-01,Shillong Site 01,67.76,64.82,7.24,45.57,MEDIUM,MEDIUM,MEDIUM
